{"cameraMode":{"drawMode":0,"name":"Shaded","section":"Shading Mode"},"sceneLighting":true,"audioPlay":false,"sceneViewState":{"showFog":true,"showMaterialUpdate":true,"showSkybox":true,"showFlares":true,"showImageEffects":true,"showParticleSystems":true},"in2DMode":false,"pivot":{"x":417.03057861328127,"y":397.8199157714844,"z":45.97571563720703},"rotation":{"x":-0.17142614722251893,"y":0.14921587705612184,"z":-0.02627638168632984,"w":-0.9734787940979004},"size":178.80447387695313,"orthographic":false}