{"cameraMode":{"drawMode":0,"name":"Shaded","section":"Shading Mode"},"sceneLighting":true,"audioPlay":false,"sceneViewState":{"showFog":true,"showMaterialUpdate":true,"showSkybox":true,"showFlares":true,"showImageEffects":true,"showParticleSystems":true},"in2DMode":false,"pivot":{"x":417.03057861328127,"y":397.8199157714844,"z":45.97571563720703},"rotation":{"x":-0.021276118233799936,"y":0.054557982832193378,"z":-0.001163927954621613,"w":-0.9982870817184448},"size":10.0,"orthographic":false}